packet_count,byte_count,protocol,source_port,destination_port,label
15,770,TCP,44239,443,Bot
643,82284,TCP,39662,8080,DoS
509,107336,TCP,34167,443,DoS
9,2433,UDP,24757,443,BENIGN
18,1023,ICMP,45211,766,Probe
21,383,TCP,1861,443,Bot
696,114623,TCP,19308,8080,DoS
6,2385,TCP,1495,80,BENIGN
19,685,TCP,59742,443,Bot
29,425,TCP,5159,443,Bot
17,4747,UDP,41828,443,BENIGN
15,821,ICMP,54902,677,Probe
933,98694,TCP,32918,8080,DoS
17,3084,TCP,49709,80,BENIGN
8,799,UDP,40937,39,Probe
20,1441,UDP,50648,527,Probe
32,4689,TCP,26268,80,BENIGN
1,110,TCP,2595,3389,Brute Force
25,348,TCP,63138,443,Bot
25,3786,UDP,5361,80,BENIGN
2,650,ICMP,30903,746,Probe
5,143,TCP,63094,22,Brute Force
42,2698,UDP,56841,80,BENIGN
20,1287,ICMP,20584,701,Probe
8,246,TCP,24309,22,Brute Force
14,4450,TCP,56551,80,BENIGN
5,121,UDP,61882,331,Probe
4,315,TCP,2031,22,Brute Force
6,191,TCP,15854,22,Brute Force
1491,162628,TCP,55081,80,DoS
988,70431,TCP,9720,8080,DoS
38,2712,UDP,31489,443,BENIGN
1,156,TCP,43999,3389,Brute Force
4,107,TCP,16488,3389,Brute Force
33,4950,UDP,41110,80,BENIGN
15,746,TCP,20787,443,Bot
4,42,UDP,26316,449,Probe
1328,66400,TCP,38861,80,DoS
10,3977,TCP,29244,80,BENIGN
1477,69134,TCP,2117,8080,DoS
24,697,TCP,33887,443,Bot
8,1247,ICMP,9798,476,Probe
27,673,TCP,47570,443,Bot
50,4155,TCP,41123,443,BENIGN
24,4215,TCP,46152,80,BENIGN
20,1243,ICMP,8398,425,Probe
738,63760,TCP,7590,443,DoS
1006,157252,TCP,45896,443,DoS
6,282,TCP,32973,22,Brute Force
13,385,TCP,55729,443,Bot
1,69,TCP,38258,3389,Brute Force
1410,85179,TCP,56799,8080,DoS
22,4103,TCP,47786,443,BENIGN
31,2532,UDP,11457,80,BENIGN
16,590,ICMP,2349,346,Probe
3,102,TCP,19512,3389,Brute Force
1096,155068,TCP,36044,8080,DoS
3,118,TCP,1784,22,Brute Force
8,248,TCP,47795,22,Brute Force
8,306,TCP,11121,22,Brute Force
16,264,TCP,2468,443,Bot
17,313,ICMP,5928,607,Probe
13,272,TCP,59683,443,Bot
617,55920,TCP,56675,443,DoS
2,107,TCP,49493,22,Brute Force
8,370,TCP,9308,22,Brute Force
29,4351,TCP,42683,443,BENIGN
24,591,TCP,45489,443,Bot
500,162145,TCP,14283,8080,DoS
1,196,TCP,32793,22,Brute Force
3,363,TCP,19579,3389,Brute Force
49,2975,UDP,8670,80,BENIGN
28,479,TCP,50589,443,Bot
6,354,TCP,43976,22,Brute Force
16,1673,UDP,5584,80,BENIGN
13,225,TCP,27537,443,Bot
12,311,TCP,11822,443,Bot
15,1178,UDP,7231,474,Probe
18,2544,TCP,24202,443,BENIGN
1206,178189,TCP,21801,443,DoS
8,2903,UDP,25589,443,BENIGN
35,3350,UDP,22867,443,BENIGN
12,966,UDP,7409,778,Probe
14,715,TCP,15514,443,Bot
25,569,TCP,47209,443,Bot
12,635,TCP,46297,443,Bot
45,822,UDP,52706,443,BENIGN
19,375,TCP,60115,443,Bot
43,4891,TCP,42439,80,BENIGN
3,98,TCP,3497,3389,Brute Force
508,93022,TCP,29866,443,DoS
36,4133,TCP,59958,80,BENIGN
7,318,TCP,51158,22,Brute Force
6,238,TCP,59844,3389,Brute Force
24,485,TCP,1974,443,Bot
6,348,TCP,17398,22,Brute Force
13,533,TCP,15951,443,Bot
953,106949,TCP,6705,80,DoS
24,527,TCP,11251,443,Bot
15,410,TCP,37887,443,Bot
24,3710,TCP,40020,80,BENIGN
4,161,TCP,39615,3389,Brute Force
822,168227,TCP,41617,80,DoS
925,72506,TCP,8630,8080,DoS
900,67331,TCP,21351,8080,DoS
40,4951,UDP,30865,443,BENIGN
5,460,UDP,20757,431,Probe
15,551,TCP,15432,443,Bot
28,2445,UDP,41039,443,BENIGN
28,3547,UDP,51033,80,BENIGN
25,1715,TCP,9294,443,BENIGN
22,264,TCP,52976,443,Bot
43,523,UDP,57280,80,BENIGN
16,4354,UDP,61059,443,BENIGN
806,92585,TCP,37983,80,DoS
8,150,TCP,14502,3389,Brute Force
26,744,TCP,47721,443,Bot
595,144485,TCP,17433,80,DoS
5,291,TCP,9841,22,Brute Force
20,753,TCP,36847,443,Bot
1079,179843,TCP,37050,8080,DoS
21,675,TCP,47154,443,Bot
8,161,TCP,23431,3389,Brute Force
726,158412,TCP,20717,443,DoS
1445,159655,TCP,36652,80,DoS
1,137,TCP,60809,3389,Brute Force
37,1393,UDP,34043,80,BENIGN
970,198111,TCP,16962,8080,DoS
20,256,TCP,34757,443,Bot
21,491,TCP,14759,443,Bot
17,1085,UDP,27027,373,Probe
6,93,TCP,35352,3389,Brute Force
31,4244,TCP,8289,443,BENIGN
24,735,TCP,44182,443,Bot
12,490,TCP,28301,443,Bot
22,872,TCP,37288,443,BENIGN
16,820,ICMP,39627,824,Probe
30,494,TCP,28362,443,Bot
7,65,TCP,62898,3389,Brute Force
15,275,TCP,19196,443,Bot
18,1030,ICMP,21120,592,Probe
657,160920,TCP,52736,443,DoS
1193,154757,TCP,64384,443,DoS
533,97016,TCP,61891,443,DoS
17,430,UDP,45375,5,Probe
19,1166,ICMP,5800,803,Probe
1,226,UDP,31935,949,Probe
19,1390,UDP,49253,750,Probe
1,615,UDP,54019,1016,Probe
24,3523,UDP,37296,443,BENIGN
21,1445,TCP,49679,80,BENIGN
17,2355,TCP,11178,80,BENIGN
18,432,TCP,32759,443,Bot
29,374,TCP,55769,443,Bot
5,840,ICMP,63947,650,Probe
26,2315,UDP,52084,80,BENIGN
11,342,TCP,45457,443,Bot
19,1345,UDP,58597,737,Probe
36,2297,UDP,29586,443,BENIGN
726,107443,TCP,63765,80,DoS
27,492,TCP,12969,443,Bot
1400,130882,TCP,33619,80,DoS
15,459,TCP,20328,443,Bot
21,252,TCP,8296,443,Bot
22,566,TCP,60702,443,BENIGN
1408,198579,TCP,32186,443,DoS
14,708,TCP,10887,443,Bot
11,299,TCP,61167,443,Bot
2,1468,ICMP,16063,961,Probe
8,278,TCP,59326,22,Brute Force
1083,114416,TCP,33746,8080,DoS
19,151,ICMP,43273,563,Probe
29,665,TCP,12693,443,Bot
7,172,TCP,41713,22,Brute Force
19,298,TCP,50842,443,Bot
5,203,TCP,7047,3389,Brute Force
673,149806,TCP,12132,80,DoS
20,1312,UDP,63866,41,Probe
3,274,TCP,48675,22,Brute Force
36,4121,UDP,18926,80,BENIGN
14,753,TCP,51402,443,Bot
1459,79581,TCP,3135,8080,DoS
25,772,TCP,49511,443,Bot
3,354,TCP,8681,3389,Brute Force
8,174,TCP,50665,3389,Brute Force
19,240,ICMP,9798,261,Probe
8,1498,ICMP,19156,861,Probe
4,388,TCP,29871,22,Brute Force
3,64,TCP,3327,3389,Brute Force
6,1488,ICMP,15654,682,Probe
30,948,TCP,14421,443,BENIGN
29,817,UDP,15601,80,BENIGN
32,1306,TCP,30100,80,BENIGN
6,157,TCP,49521,22,Brute Force
15,976,UDP,64191,511,Probe
24,429,TCP,2782,443,Bot
4,506,UDP,20716,998,Probe
27,3766,TCP,50874,443,BENIGN
20,261,TCP,17947,443,Bot
8,210,TCP,24193,22,Brute Force
4,825,ICMP,11969,67,Probe
893,142152,TCP,64151,443,DoS
27,515,TCP,33771,443,Bot
19,667,TCP,40371,443,Bot
6,66,TCP,18816,3389,Brute Force
8,127,UDP,34964,930,Probe
25,318,TCP,26241,443,Bot
6,245,UDP,34338,411,Probe
20,444,TCP,36389,443,Bot
1170,138490,TCP,17888,443,DoS
5,1029,ICMP,8425,909,Probe
1163,78668,TCP,45401,80,DoS
6,209,TCP,22803,22,Brute Force
16,380,TCP,37362,443,Bot
44,1766,TCP,57686,80,BENIGN
1279,120717,TCP,7723,80,DoS
44,2313,TCP,42665,443,BENIGN
5,363,TCP,4482,3389,Brute Force
29,1746,UDP,64254,80,BENIGN
3,265,TCP,33765,22,Brute Force
5,277,TCP,52205,3389,Brute Force
1302,112741,TCP,33456,443,DoS
24,236,TCP,3177,443,Bot
14,2500,UDP,38112,80,BENIGN
2,366,UDP,28288,934,Probe
18,866,UDP,23922,227,Probe
41,2352,UDP,56412,80,BENIGN
3,133,TCP,57962,22,Brute Force
28,265,TCP,54619,443,Bot
18,463,ICMP,63306,350,Probe
1,253,TCP,7510,22,Brute Force
655,157927,TCP,41399,8080,DoS
12,978,UDP,39085,98,Probe
8,80,ICMP,1068,340,Probe
12,732,TCP,51327,443,Bot
27,316,TCP,28375,443,Bot
7,377,ICMP,2277,234,Probe
1255,101727,TCP,30487,8080,DoS
1297,72203,TCP,48527,8080,DoS
540,65851,TCP,63196,443,DoS
23,212,TCP,19950,443,Bot
14,1374,ICMP,18148,876,Probe
44,855,UDP,31042,80,BENIGN
17,1500,UDP,7031,80,BENIGN
10,2436,TCP,27658,443,BENIGN
8,372,TCP,7335,3389,Brute Force
1081,100636,TCP,12525,8080,DoS
8,146,TCP,22037,22,Brute Force
6,2024,UDP,34954,443,BENIGN
16,636,TCP,23132,443,Bot
19,636,TCP,50365,443,Bot
850,193202,TCP,24242,8080,DoS
957,62760,TCP,17062,8080,DoS
19,770,TCP,48349,443,Bot
1196,71461,TCP,35463,443,DoS
26,1571,UDP,11613,443,BENIGN
2,304,TCP,58502,22,Brute Force
49,1084,TCP,36029,80,BENIGN
11,1494,UDP,50882,361,Probe
1238,131976,TCP,13464,80,DoS
615,79938,TCP,18580,8080,DoS
2,281,TCP,30967,22,Brute Force
7,744,TCP,15352,80,BENIGN
20,699,ICMP,28461,1004,Probe
14,414,TCP,9557,443,Bot
12,4239,TCP,53545,443,BENIGN
36,2890,UDP,28253,443,BENIGN
12,563,UDP,49980,443,BENIGN
1240,59777,TCP,60873,80,DoS
1006,173361,TCP,19750,8080,DoS
45,2771,UDP,42098,80,BENIGN
30,221,TCP,20128,443,Bot
1466,114642,TCP,48268,8080,DoS
16,1169,UDP,12543,662,Probe
7,276,TCP,17222,22,Brute Force
10,611,TCP,41493,443,Bot
2,248,TCP,44302,3389,Brute Force
1,108,TCP,45970,3389,Brute Force
1163,117440,TCP,48118,80,DoS
787,153005,TCP,24945,80,DoS
23,337,TCP,21501,443,Bot
840,149585,TCP,53719,443,DoS
7,115,ICMP,36640,916,Probe
11,2090,UDP,15932,443,BENIGN
6,107,TCP,39052,3389,Brute Force
1440,65541,TCP,19198,8080,DoS
16,1211,ICMP,3479,177,Probe
39,3438,TCP,27116,443,BENIGN
4,1135,UDP,43060,738,Probe
8,108,TCP,39832,3389,Brute Force
13,4393,TCP,18394,443,BENIGN
28,269,TCP,7518,443,Bot
50,3645,UDP,27215,80,BENIGN
22,581,TCP,1822,443,Bot
19,299,TCP,30920,443,Bot
3,59,TCP,41638,3389,Brute Force
960,118895,TCP,23868,80,DoS
5,57,TCP,23520,22,Brute Force
44,4992,UDP,25986,443,BENIGN
8,390,TCP,29012,22,Brute Force
1303,135047,TCP,57628,443,DoS
1196,149633,TCP,6640,8080,DoS
28,560,TCP,54980,443,Bot
777,197329,TCP,46648,443,DoS
713,137284,TCP,20893,80,DoS
12,570,TCP,39104,443,Bot
4,157,TCP,41135,22,Brute Force
6,252,TCP,48498,22,Brute Force
26,2010,TCP,17570,443,BENIGN
8,168,TCP,63115,22,Brute Force
19,799,TCP,20941,443,Bot
49,1721,TCP,55720,443,BENIGN
28,3052,UDP,51934,80,BENIGN
6,193,ICMP,22037,247,Probe
26,234,TCP,28922,443,Bot
1,335,TCP,26412,22,Brute Force
25,677,TCP,14257,443,Bot
23,2385,UDP,15376,80,BENIGN
34,4177,UDP,57663,443,BENIGN
1019,183618,TCP,35911,443,DoS
911,71607,TCP,43002,8080,DoS
45,2944,TCP,11040,443,BENIGN
868,111945,TCP,5095,8080,DoS
18,2662,UDP,17481,80,BENIGN
4,96,TCP,10899,22,Brute Force
3,149,TCP,22684,3389,Brute Force
2,288,TCP,38234,22,Brute Force
12,851,UDP,45403,307,Probe
19,687,TCP,49923,443,Bot
25,282,TCP,1440,443,Bot
2,156,TCP,53424,3389,Brute Force
18,314,TCP,46707,443,Bot
34,4641,UDP,7523,80,BENIGN
28,224,TCP,65014,443,Bot
37,2672,TCP,62186,443,BENIGN
38,1144,UDP,58074,443,BENIGN
1031,104353,TCP,37782,443,DoS
1196,81145,TCP,9456,80,DoS
10,4481,TCP,65117,80,BENIGN
1,368,TCP,51184,3389,Brute Force
8,261,TCP,51510,3389,Brute Force
40,4941,UDP,59438,443,BENIGN
4,178,TCP,54583,3389,Brute Force
13,347,UDP,62048,984,Probe
14,4102,TCP,31755,443,BENIGN
8,1104,ICMP,46954,918,Probe
1091,120442,TCP,42168,443,DoS
4,1056,UDP,22727,764,Probe
5,252,ICMP,44115,615,Probe
734,150419,TCP,6878,8080,DoS
7,370,TCP,16723,3389,Brute Force
6,79,TCP,55002,3389,Brute Force
35,2251,UDP,60166,80,BENIGN
3,772,UDP,20018,806,Probe
11,914,UDP,62980,443,BENIGN
6,211,TCP,37074,3389,Brute Force
4,366,TCP,18802,22,Brute Force
14,778,TCP,48769,443,Bot
690,125882,TCP,58482,80,DoS
3,194,UDP,56702,520,Probe
7,873,ICMP,50798,529,Probe
1,156,TCP,38864,3389,Brute Force
10,1374,UDP,22016,527,Probe
6,3685,UDP,44859,443,BENIGN
22,309,TCP,42352,443,Bot
1324,65560,TCP,38384,443,DoS
15,712,ICMP,46470,599,Probe
17,490,TCP,17532,443,Bot
5,218,TCP,35564,3389,Brute Force
19,1068,ICMP,26476,277,Probe
2,1172,ICMP,15737,330,Probe
6,362,ICMP,40478,735,Probe
817,70715,TCP,34532,80,DoS
13,863,UDP,36807,443,BENIGN
15,3604,TCP,26610,443,BENIGN
13,690,TCP,60017,443,Bot
15,718,TCP,4676,443,Bot
3,66,TCP,44736,3389,Brute Force
30,609,TCP,24361,443,Bot
6,120,ICMP,24631,821,Probe
3,364,TCP,37896,3389,Brute Force
854,90664,TCP,19088,80,DoS
580,147793,TCP,63892,443,DoS
2,246,TCP,4549,22,Brute Force
15,313,TCP,46614,443,Bot
7,283,TCP,59585,3389,Brute Force
4,1215,UDP,15992,759,Probe
584,198215,TCP,3046,80,DoS
48,3156,TCP,16034,80,BENIGN
20,743,TCP,3167,443,Bot
27,660,TCP,64369,443,Bot
14,393,ICMP,15095,931,Probe
20,788,TCP,9312,443,Bot
39,3497,UDP,55449,80,BENIGN
1067,74396,TCP,40144,8080,DoS
16,1041,ICMP,6996,658,Probe
1452,113940,TCP,34840,80,DoS
44,2553,TCP,42196,80,BENIGN
19,477,TCP,45945,443,Bot
20,237,UDP,32210,924,Probe
12,2691,UDP,17271,80,BENIGN
4,564,UDP,30957,1013,Probe
18,1164,UDP,55150,94,Probe
1,345,TCP,50732,3389,Brute Force
3,330,TCP,18250,22,Brute Force
15,266,TCP,24860,443,Bot
29,664,TCP,3862,443,Bot
11,351,TCP,24166,443,Bot
8,152,TCP,16415,22,Brute Force
17,337,TCP,2971,443,Bot
921,53106,TCP,2120,8080,DoS
19,654,TCP,15826,443,Bot
1244,66326,TCP,47277,80,DoS
30,223,TCP,20237,443,Bot
1,1212,ICMP,36226,561,Probe
18,1028,UDP,25286,573,Probe
10,1161,ICMP,47036,109,Probe
10,759,TCP,64960,443,Bot
768,178315,TCP,35608,8080,DoS
6,94,TCP,4237,22,Brute Force
15,3532,UDP,14754,443,BENIGN
2,117,TCP,63966,22,Brute Force
24,338,TCP,24445,443,Bot
1,1173,UDP,9100,43,Probe
6,299,TCP,20687,3389,Brute Force
12,1035,UDP,33251,80,BENIGN
19,1028,ICMP,12903,626,Probe
2,96,TCP,8505,3389,Brute Force
6,93,ICMP,40156,225,Probe
3,63,TCP,50991,3389,Brute Force
12,1037,ICMP,59165,619,Probe
28,696,TCP,4585,443,Bot
14,868,ICMP,49306,37,Probe
28,304,TCP,49614,443,Bot
6,3456,UDP,31655,80,BENIGN
23,1153,TCP,57809,80,BENIGN
13,1125,ICMP,28097,56,Probe
645,141312,TCP,21464,443,DoS
6,380,TCP,11111,22,Brute Force
584,181034,TCP,56423,443,DoS
8,330,TCP,4551,22,Brute Force
13,669,UDP,14471,543,Probe
8,336,TCP,14007,3389,Brute Force
10,2533,TCP,37597,443,BENIGN
1,234,TCP,16703,22,Brute Force
838,92596,TCP,48938,443,DoS
1025,180358,TCP,31564,80,DoS
13,344,UDP,1787,659,Probe
10,300,UDP,48788,2,Probe
28,758,TCP,10024,443,Bot
16,1124,ICMP,51279,599,Probe
42,3771,UDP,15397,80,BENIGN
41,837,TCP,6347,80,BENIGN
4,271,TCP,20015,3389,Brute Force
5,327,TCP,46705,3389,Brute Force
2,224,UDP,16269,617,Probe
1150,143905,TCP,56736,80,DoS
4,215,ICMP,53988,555,Probe
1416,188453,TCP,61261,80,DoS
4,234,TCP,59188,22,Brute Force
988,134830,TCP,62354,80,DoS
11,65,UDP,65111,979,Probe
7,298,UDP,28770,81,Probe
41,2923,UDP,2461,443,BENIGN
799,125846,TCP,38558,443,DoS
1207,103448,TCP,27918,8080,DoS
38,2559,TCP,45607,80,BENIGN
28,2339,TCP,21909,80,BENIGN
546,161069,TCP,23603,8080,DoS
24,289,TCP,6278,443,Bot
19,957,UDP,57161,511,Probe
505,130810,TCP,30170,443,DoS
16,341,TCP,65331,443,Bot
29,294,TCP,4751,443,Bot
23,300,TCP,35447,443,Bot
16,726,TCP,15936,443,Bot
28,389,TCP,29837,443,Bot
7,389,ICMP,65056,84,Probe
27,562,TCP,63688,443,Bot
3,342,TCP,40718,3389,Brute Force
3,664,UDP,50064,760,Probe
2,333,TCP,62063,22,Brute Force
509,52113,TCP,46610,443,DoS
3,117,TCP,23055,22,Brute Force
47,1194,UDP,34804,443,BENIGN
10,2784,UDP,17005,443,BENIGN
1333,135835,TCP,62218,8080,DoS
4,264,TCP,46945,3389,Brute Force
30,387,TCP,51138,443,Bot
1192,192394,TCP,25907,443,DoS
41,3616,UDP,1410,443,BENIGN
24,449,TCP,61689,443,Bot
1,233,TCP,6232,3389,Brute Force
979,121522,TCP,13660,80,DoS
19,662,UDP,31427,378,Probe
1321,107255,TCP,50953,80,DoS
12,881,ICMP,26127,671,Probe
6,335,TCP,49748,3389,Brute Force
7,1412,UDP,57709,702,Probe
21,519,TCP,46312,443,Bot
20,418,TCP,51108,443,Bot
2,160,TCP,63977,22,Brute Force
1000,73839,TCP,59933,8080,DoS
15,658,ICMP,39328,105,Probe
1322,173074,TCP,50938,443,DoS
4,174,TCP,5719,3389,Brute Force
25,4016,UDP,47521,443,BENIGN
15,238,TCP,40101,443,Bot
7,124,TCP,44030,22,Brute Force
2,66,TCP,38445,3389,Brute Force
17,258,UDP,25984,149,Probe
28,556,TCP,24105,443,Bot
2,342,TCP,48847,22,Brute Force
947,110855,TCP,55987,80,DoS
25,485,TCP,51147,443,Bot
17,1210,UDP,8906,973,Probe
1489,113105,TCP,15123,8080,DoS
25,641,TCP,3810,443,Bot
18,3257,TCP,7102,443,BENIGN
44,2472,UDP,60847,80,BENIGN
3,212,TCP,56042,22,Brute Force
10,1483,UDP,15115,856,Probe
5,226,TCP,2323,3389,Brute Force
49,4523,TCP,9061,80,BENIGN
1196,103844,TCP,48007,8080,DoS
605,56884,TCP,6897,443,DoS
20,1362,UDP,13340,453,Probe
1013,158903,TCP,28783,8080,DoS
5,291,TCP,63842,3389,Brute Force
4,285,TCP,49214,22,Brute Force
21,629,TCP,42721,443,Bot
17,275,TCP,31890,443,Bot
6,1075,ICMP,56852,508,Probe
3,308,TCP,6061,3389,Brute Force
692,196499,TCP,15246,443,DoS
11,1116,UDP,63741,189,Probe
935,76847,TCP,49257,8080,DoS
11,615,TCP,8769,443,Bot
509,128221,TCP,38245,8080,DoS
1,1087,ICMP,37819,663,Probe
7,804,UDP,59482,330,Probe
47,1356,TCP,22638,443,BENIGN
12,726,TCP,13725,443,Bot
41,1627,UDP,27109,443,BENIGN
17,625,UDP,3226,803,Probe
9,3827,UDP,34649,80,BENIGN
23,531,TCP,17888,443,Bot
1171,117225,TCP,50001,443,DoS
15,4918,TCP,40276,443,BENIGN
21,267,TCP,13367,443,Bot
6,1042,UDP,9504,630,Probe
11,255,TCP,43285,443,Bot
2,1412,UDP,14124,274,Probe
16,225,TCP,48192,443,Bot
48,669,UDP,38788,80,BENIGN
7,4263,TCP,64798,443,BENIGN
37,717,TCP,47949,443,BENIGN
925,166353,TCP,33051,80,DoS
10,298,TCP,52297,443,Bot
5,3941,UDP,7940,443,BENIGN
11,968,UDP,16085,388,Probe
18,1724,UDP,8310,443,BENIGN
6,300,TCP,26805,22,Brute Force
1250,142320,TCP,12116,80,DoS
7,2903,TCP,3894,80,BENIGN
32,1251,TCP,54547,443,BENIGN
4,367,TCP,61758,22,Brute Force
16,516,UDP,19588,613,Probe
2,376,ICMP,10228,842,Probe
31,3396,UDP,57915,80,BENIGN
7,732,UDP,50644,425,Probe
649,66585,TCP,11982,443,DoS
5,1494,UDP,34047,556,Probe
5,65,TCP,23250,3389,Brute Force
821,95398,TCP,31148,8080,DoS
14,1337,ICMP,27460,440,Probe
700,136472,TCP,16098,443,DoS
17,787,UDP,25507,722,Probe
12,237,TCP,49223,443,Bot
17,331,UDP,13082,227,Probe
900,171389,TCP,51640,8080,DoS
27,268,TCP,37773,443,Bot
28,444,TCP,33086,443,Bot
1036,58866,TCP,56013,80,DoS
5,359,TCP,43271,3389,Brute Force
21,1165,TCP,16743,80,BENIGN
10,357,TCP,18238,443,Bot
32,653,UDP,61393,80,BENIGN
18,473,TCP,53604,443,Bot
8,892,ICMP,18801,846,Probe
15,4136,UDP,30327,80,BENIGN
46,2668,TCP,51287,443,BENIGN
21,229,TCP,6973,443,Bot
13,419,TCP,61348,443,Bot
1154,127342,TCP,25111,8080,DoS
16,1212,UDP,32236,307,Probe
45,1412,TCP,49622,443,BENIGN
5,227,TCP,32589,22,Brute Force
1126,64425,TCP,21293,8080,DoS
5,136,TCP,23943,3389,Brute Force
20,2328,TCP,49289,80,BENIGN
7,209,TCP,60644,3389,Brute Force
13,582,TCP,34612,443,Bot
8,256,TCP,38701,22,Brute Force
11,844,ICMP,21868,464,Probe
18,755,TCP,38722,443,Bot
25,614,TCP,32778,443,Bot
24,278,TCP,8663,443,Bot
13,141,UDP,56980,586,Probe
19,787,TCP,44729,443,Bot
1189,180889,TCP,10145,8080,DoS
2,276,TCP,21200,3389,Brute Force
1263,107121,TCP,38924,80,DoS
15,501,ICMP,50510,603,Probe
2,161,TCP,54569,22,Brute Force
10,237,TCP,23259,443,Bot
19,368,TCP,33233,443,Bot
9,694,UDP,6727,398,Probe
44,1748,TCP,9296,443,BENIGN
14,700,TCP,43873,443,Bot
8,1538,UDP,35501,80,BENIGN
7,183,TCP,11229,3389,Brute Force
1117,102652,TCP,32416,443,DoS
1259,88252,TCP,2086,443,DoS
1301,70164,TCP,24690,443,DoS
1050,95412,TCP,37390,80,DoS
2,316,TCP,51236,3389,Brute Force
2,289,TCP,53519,22,Brute Force
5,2657,TCP,34295,80,BENIGN
6,286,TCP,52403,3389,Brute Force
47,2952,TCP,62557,80,BENIGN
4,327,TCP,23982,3389,Brute Force
8,308,UDP,49132,23,Probe
27,548,TCP,6296,443,Bot
29,4619,UDP,64349,80,BENIGN
14,213,TCP,9999,443,Bot
45,751,TCP,49921,80,BENIGN
3,347,TCP,36502,22,Brute Force
18,3286,TCP,21509,443,BENIGN
27,702,TCP,3791,443,Bot
23,654,TCP,49370,443,Bot
6,272,TCP,28321,22,Brute Force
6,326,TCP,30098,22,Brute Force
14,385,UDP,21550,253,Probe
4,345,TCP,49151,3389,Brute Force
46,674,TCP,52587,443,BENIGN
45,4497,TCP,41489,80,BENIGN
4,89,TCP,48444,3389,Brute Force
19,167,ICMP,44437,988,Probe
15,3143,TCP,23700,443,BENIGN
6,83,TCP,64568,22,Brute Force
7,147,TCP,35369,3389,Brute Force
1414,185136,TCP,10184,443,DoS
1059,95290,TCP,51010,443,DoS
28,1340,TCP,19705,80,BENIGN
1239,168606,TCP,21924,80,DoS
9,1374,ICMP,34662,21,Probe
5,191,TCP,35907,3389,Brute Force
5,650,ICMP,63767,973,Probe
4,211,TCP,28052,3389,Brute Force
37,509,UDP,28106,80,BENIGN
19,375,TCP,52749,443,Bot
512,126506,TCP,28143,443,DoS
18,1357,ICMP,27453,837,Probe
8,1026,ICMP,44520,693,Probe
13,288,TCP,57151,443,Bot
1,67,TCP,65443,3389,Brute Force
4,384,TCP,56695,22,Brute Force
1451,91414,TCP,29944,443,DoS
2,184,TCP,41531,22,Brute Force
1121,183568,TCP,13387,8080,DoS
25,525,TCP,40553,443,Bot
11,2493,UDP,39616,443,BENIGN
7,329,TCP,14866,22,Brute Force
2,211,TCP,32786,22,Brute Force
3,296,TCP,26177,22,Brute Force
24,3694,UDP,36296,80,BENIGN
8,259,TCP,29982,22,Brute Force
11,3060,UDP,21505,443,BENIGN
46,2974,UDP,17072,443,BENIGN
5,88,ICMP,48004,340,Probe
24,310,TCP,9031,443,Bot
12,1752,TCP,52933,443,BENIGN
3,635,UDP,17453,101,Probe
1001,125716,TCP,10218,80,DoS
1289,125760,TCP,47220,80,DoS
15,697,ICMP,48786,427,Probe
6,386,TCP,11390,3389,Brute Force
1049,89282,TCP,11807,443,DoS
21,351,TCP,25463,443,Bot
4,214,TCP,14167,22,Brute Force
16,471,UDP,43442,854,Probe
13,656,TCP,24060,443,Bot
10,1282,UDP,19473,784,Probe
7,210,TCP,26855,22,Brute Force
13,754,ICMP,17538,224,Probe
580,140797,TCP,61579,443,DoS
731,128636,TCP,45853,80,DoS
5,885,ICMP,56275,719,Probe
15,281,ICMP,4541,888,Probe
37,1432,UDP,29198,80,BENIGN
17,634,TCP,48550,443,Bot
12,703,TCP,65211,443,Bot
14,259,ICMP,41056,201,Probe
2,168,TCP,35866,3389,Brute Force
5,1198,ICMP,53957,324,Probe
41,3077,TCP,43978,443,BENIGN
26,603,TCP,13767,443,Bot
11,290,UDP,62777,473,Probe
2,229,TCP,57867,22,Brute Force
9,1182,UDP,38704,842,Probe
4,130,TCP,33786,22,Brute Force
15,61,UDP,56766,673,Probe
758,142914,TCP,18543,443,DoS
1119,60367,TCP,58277,80,DoS
18,410,ICMP,7420,483,Probe
2,66,ICMP,14333,636,Probe
7,1388,UDP,23678,443,BENIGN
1,336,TCP,54812,3389,Brute Force
27,745,TCP,59970,443,Bot
21,342,TCP,54569,443,Bot
26,260,TCP,31765,443,Bot
1237,193273,TCP,33026,80,DoS
37,3464,TCP,24787,443,BENIGN
18,542,UDP,1441,955,Probe
798,178714,TCP,64447,8080,DoS
3,267,TCP,40645,22,Brute Force
43,1020,UDP,26033,443,BENIGN
1045,123684,TCP,40139,8080,DoS
21,2120,UDP,8545,80,BENIGN
1,188,TCP,63296,3389,Brute Force
2,317,TCP,44205,22,Brute Force
18,1624,UDP,19993,443,BENIGN
797,61027,TCP,19874,8080,DoS
719,103945,TCP,19265,8080,DoS
26,1395,TCP,13580,80,BENIGN
15,1074,ICMP,42666,946,Probe
6,293,TCP,31641,3389,Brute Force
7,965,ICMP,31389,272,Probe
11,877,ICMP,8009,159,Probe
37,1369,UDP,16866,443,BENIGN
541,61876,TCP,3574,80,DoS
1007,101261,TCP,31030,80,DoS
1065,91978,TCP,22715,8080,DoS
11,1380,UDP,15589,364,Probe
44,3071,TCP,48193,443,BENIGN
4,104,TCP,32833,22,Brute Force
1415,62690,TCP,4034,80,DoS
17,2272,UDP,19144,443,BENIGN
4,127,TCP,23423,3389,Brute Force
1,384,TCP,23897,22,Brute Force
1185,189209,TCP,15813,8080,DoS
1356,154069,TCP,52663,443,DoS
5,203,TCP,34230,3389,Brute Force
918,97181,TCP,51419,80,DoS
41,3604,UDP,2904,443,BENIGN
16,335,TCP,24512,443,Bot
10,696,TCP,34768,443,Bot
20,182,UDP,21850,498,Probe
506,118363,TCP,26161,80,DoS
6,702,UDP,2460,152,Probe
6,156,TCP,54364,3389,Brute Force
1289,86036,TCP,1363,8080,DoS
16,1223,UDP,11683,463,Probe
26,485,TCP,10682,443,Bot
5,90,TCP,14824,22,Brute Force
28,742,TCP,56199,443,Bot
1335,54361,TCP,25164,443,DoS
16,389,TCP,44972,443,Bot
24,483,TCP,51444,443,Bot
14,1364,UDP,49972,703,Probe
1065,134309,TCP,51848,443,DoS
10,232,TCP,29231,443,Bot
48,4967,TCP,39722,443,BENIGN
12,322,TCP,10419,443,Bot
9,1450,UDP,19706,29,Probe
45,4121,TCP,14364,443,BENIGN
3,135,TCP,43005,3389,Brute Force
2,778,UDP,18979,378,Probe
18,625,ICMP,53997,14,Probe
33,1302,TCP,43762,80,BENIGN
771,109649,TCP,48301,80,DoS
16,310,TCP,3173,443,Bot
31,4502,TCP,46283,443,BENIGN
46,4520,UDP,52989,80,BENIGN
20,742,TCP,45776,443,Bot
1062,173424,TCP,50657,8080,DoS
45,2980,UDP,39783,80,BENIGN
20,207,ICMP,57300,847,Probe
8,344,TCP,57959,3389,Brute Force
1,1223,UDP,35087,8,Probe
41,1104,TCP,64749,443,BENIGN
2,407,UDP,53737,529,Probe
16,772,TCP,41225,443,Bot
1291,134060,TCP,16549,443,DoS
15,712,TCP,52194,443,Bot
28,438,TCP,61632,443,Bot
1239,122021,TCP,36134,443,DoS
6,144,TCP,33711,3389,Brute Force
29,3181,TCP,30823,443,BENIGN
13,1735,TCP,26126,80,BENIGN
703,183463,TCP,27329,8080,DoS
5,319,TCP,38716,3389,Brute Force
30,722,TCP,43147,443,BENIGN
16,546,TCP,14148,443,Bot
8,302,TCP,53975,22,Brute Force
2,111,TCP,61329,22,Brute Force
1292,84903,TCP,43070,8080,DoS
7,245,TCP,13873,22,Brute Force
22,788,TCP,1266,443,Bot
704,125299,TCP,22072,443,DoS
5,155,TCP,16045,22,Brute Force
10,619,TCP,42888,443,Bot
2,268,TCP,56291,22,Brute Force
1495,140286,TCP,62731,8080,DoS
23,483,TCP,4593,443,Bot
1124,162241,TCP,11901,8080,DoS
41,3574,UDP,62724,80,BENIGN
2,356,TCP,8150,3389,Brute Force
4,97,TCP,30107,22,Brute Force
11,349,TCP,21974,443,Bot
26,702,TCP,32359,443,Bot
15,394,UDP,64735,217,Probe
10,2910,TCP,27526,80,BENIGN
7,331,TCP,61719,3389,Brute Force
30,648,TCP,49214,443,Bot
3,848,UDP,33929,585,Probe
614,66189,TCP,55338,8080,DoS
996,85791,TCP,13811,443,DoS
780,125442,TCP,9011,8080,DoS
1144,149664,TCP,10708,8080,DoS
714,164938,TCP,53301,443,DoS
1326,130784,TCP,48424,80,DoS
6,626,ICMP,10620,860,Probe
4,199,TCP,29830,3389,Brute Force
592,153086,TCP,34148,443,DoS
1,186,TCP,51857,3389,Brute Force
8,359,TCP,62227,3389,Brute Force
1489,178606,TCP,31224,80,DoS
547,69489,TCP,45878,443,DoS
5,1275,UDP,59807,961,Probe
562,195940,TCP,63186,8080,DoS
1365,170025,TCP,41483,80,DoS
44,1206,TCP,21293,443,BENIGN
16,3877,TCP,12778,443,BENIGN
16,735,TCP,31063,443,Bot
34,2974,TCP,26235,443,BENIGN
13,371,TCP,36656,443,Bot
9,2489,TCP,46715,443,BENIGN
17,550,UDP,26091,801,Probe
5,4254,TCP,5825,80,BENIGN
47,3605,TCP,41362,443,BENIGN
29,246,TCP,16928,443,Bot
19,229,TCP,49812,443,Bot
6,245,TCP,27633,3389,Brute Force
612,100012,TCP,2265,443,DoS
1334,74962,TCP,9909,443,DoS
19,977,UDP,21758,884,Probe
14,700,TCP,17070,443,BENIGN
1457,174701,TCP,32314,8080,DoS
6,326,TCP,38046,22,Brute Force
1259,96044,TCP,8851,80,DoS
4,326,UDP,1807,64,Probe
14,4158,UDP,23642,443,BENIGN
557,52477,TCP,47085,80,DoS
15,590,TCP,19994,443,Bot
33,543,TCP,2269,443,BENIGN
44,4635,UDP,55456,443,BENIGN
3,275,TCP,3965,22,Brute Force
593,74951,TCP,1095,80,DoS
23,393,TCP,57173,443,Bot
5,81,TCP,42035,3389,Brute Force
5,382,TCP,49712,3389,Brute Force
21,3288,UDP,58716,443,BENIGN
20,376,TCP,47547,443,Bot
16,396,TCP,64217,443,Bot
1279,152944,TCP,33101,80,DoS
4,1137,ICMP,64242,789,Probe
3,578,UDP,33539,467,Probe
1144,98352,TCP,13239,8080,DoS
15,4269,UDP,6799,443,BENIGN
37,1735,TCP,30549,80,BENIGN
28,241,TCP,9764,443,Bot
8,322,TCP,20127,3389,Brute Force
1,395,TCP,14835,3389,Brute Force
13,496,ICMP,24151,837,Probe
19,662,TCP,41718,443,Bot
2,289,TCP,7398,3389,Brute Force
9,1195,UDP,10928,771,Probe
2,219,UDP,4580,183,Probe
16,510,TCP,32128,443,Bot
3,365,TCP,17935,3389,Brute Force
876,128447,TCP,10010,443,DoS
6,370,TCP,4959,22,Brute Force
21,495,TCP,51470,443,Bot
3,251,TCP,28127,3389,Brute Force
11,524,TCP,65119,443,Bot
19,4179,UDP,54070,80,BENIGN
8,366,TCP,30696,3389,Brute Force
517,181652,TCP,54315,8080,DoS
8,286,TCP,56452,22,Brute Force
8,294,TCP,20659,22,Brute Force
6,2525,TCP,56023,80,BENIGN
1264,185999,TCP,37592,8080,DoS
1115,124690,TCP,52074,8080,DoS
22,4289,TCP,58334,80,BENIGN
27,2336,TCP,52222,80,BENIGN
6,1669,UDP,3304,80,BENIGN
25,329,TCP,14534,443,Bot
17,675,TCP,51508,443,Bot
10,1263,UDP,7352,443,BENIGN
7,146,TCP,56957,22,Brute Force
16,506,TCP,46629,443,Bot
18,3073,TCP,18431,443,BENIGN
1431,84580,TCP,58836,8080,DoS
7,378,TCP,22128,22,Brute Force
1284,160195,TCP,25564,443,DoS
8,240,TCP,41700,3389,Brute Force
10,383,TCP,26100,443,Bot
5,741,ICMP,24567,769,Probe
1497,90731,TCP,36176,443,DoS
27,567,TCP,22876,443,Bot
11,821,UDP,26312,263,Probe
12,473,ICMP,60375,662,Probe
1270,154410,TCP,61898,80,DoS
594,190413,TCP,48510,80,DoS
10,676,ICMP,6685,567,Probe
5,181,TCP,1954,22,Brute Force
19,360,TCP,52767,443,Bot
37,4542,TCP,50554,80,BENIGN
24,4012,UDP,38289,80,BENIGN
527,171011,TCP,62822,8080,DoS
527,129075,TCP,14488,8080,DoS
7,143,TCP,46873,3389,Brute Force
7,340,TCP,52622,3389,Brute Force
23,1328,TCP,44404,443,BENIGN
1436,103248,TCP,25318,443,DoS
24,219,TCP,59777,443,Bot
17,179,UDP,28282,557,Probe
13,585,TCP,51988,443,Bot
4,268,TCP,27557,22,Brute Force
552,120375,TCP,25742,8080,DoS
4,1393,UDP,28196,831,Probe
47,1437,TCP,31500,443,BENIGN
14,625,TCP,12037,443,Bot
1,316,TCP,20641,3389,Brute Force
1267,122935,TCP,46552,443,DoS
1006,120395,TCP,22183,443,DoS
44,3925,TCP,64114,80,BENIGN
10,1459,UDP,61742,391,Probe
708,136576,TCP,43406,80,DoS
24,289,TCP,64976,443,Bot
17,352,TCP,60907,443,Bot
20,534,TCP,32884,443,Bot
20,1023,UDP,7380,27,Probe
13,4614,UDP,58020,80,BENIGN
1,219,TCP,6281,22,Brute Force
1282,194141,TCP,19355,8080,DoS
1488,162841,TCP,7967,80,DoS
17,1099,ICMP,11966,381,Probe
13,689,TCP,49348,443,Bot
14,1238,ICMP,61603,521,Probe
22,1519,UDP,29660,443,BENIGN
29,534,TCP,11033,443,Bot
1338,140474,TCP,63585,80,DoS
21,588,TCP,28817,443,Bot
19,610,TCP,4641,443,Bot
6,129,TCP,10094,3389,Brute Force
12,687,TCP,62567,443,Bot
716,99813,TCP,64074,8080,DoS
11,470,TCP,50535,443,Bot
20,1268,UDP,58548,803,Probe
1309,144248,TCP,47006,8080,DoS
719,102970,TCP,55284,8080,DoS
1,1067,UDP,29853,170,Probe
19,1073,UDP,9095,376,Probe
22,3011,UDP,16132,80,BENIGN
19,683,TCP,9162,443,Bot
8,239,TCP,53966,22,Brute Force
7,205,TCP,30056,3389,Brute Force
1,319,TCP,53404,3389,Brute Force
16,1558,UDP,35927,80,BENIGN
2,1336,UDP,51627,914,Probe
11,593,TCP,44325,443,Bot
23,3424,TCP,57764,443,BENIGN
17,528,TCP,24139,443,Bot
2,1454,ICMP,14393,772,Probe
1210,84648,TCP,32330,80,DoS
13,427,TCP,9459,443,Bot
11,3666,UDP,17538,80,BENIGN
3,732,ICMP,47194,32,Probe
923,61984,TCP,37889,80,DoS
1269,114888,TCP,20534,80,DoS
619,97984,TCP,25488,8080,DoS
13,796,UDP,30238,46,Probe
8,292,TCP,10036,22,Brute Force
18,624,TCP,12485,443,Bot
27,655,TCP,31039,443,Bot
1,274,ICMP,30231,247,Probe
2,122,TCP,48877,3389,Brute Force
18,581,UDP,11570,599,Probe
16,774,UDP,15364,780,Probe
14,85,UDP,3851,131,Probe
4,329,TCP,35316,3389,Brute Force
14,644,UDP,3606,562,Probe
13,788,UDP,34884,258,Probe
4,1059,UDP,40935,205,Probe
16,343,TCP,3363,443,Bot
21,249,TCP,20020,443,Bot
7,329,TCP,38795,3389,Brute Force
20,523,TCP,55210,443,Bot
13,782,TCP,45262,443,Bot
16,1241,ICMP,23584,168,Probe
807,61713,TCP,54120,8080,DoS
11,1167,UDP,11558,399,Probe
901,127474,TCP,43371,80,DoS
1010,184932,TCP,31617,443,DoS
13,2957,UDP,21744,80,BENIGN
1290,119300,TCP,41005,443,DoS
5,117,TCP,41380,3389,Brute Force
1050,90024,TCP,19208,80,DoS
6,57,TCP,11992,3389,Brute Force
910,63410,TCP,38397,8080,DoS
681,154396,TCP,64510,443,DoS
1101,79945,TCP,23825,443,DoS
27,617,TCP,20068,443,Bot
25,1989,UDP,14925,443,BENIGN
30,4258,TCP,18383,80,BENIGN
16,533,TCP,16101,443,Bot
21,752,TCP,34286,443,Bot
31,4782,UDP,62280,443,BENIGN
18,106,ICMP,54372,464,Probe
7,158,UDP,3191,468,Probe
11,343,UDP,47630,255,Probe
15,303,UDP,60339,868,Probe
6,334,TCP,43586,22,Brute Force
5,81,TCP,42265,3389,Brute Force
1161,65509,TCP,60526,80,DoS
8,1219,ICMP,24276,958,Probe
26,928,UDP,5343,443,BENIGN
11,272,ICMP,45275,491,Probe
2,307,TCP,20308,3389,Brute Force
13,1056,UDP,26106,700,Probe
1325,76850,TCP,7787,443,DoS
807,148686,TCP,13074,8080,DoS
37,4923,UDP,29712,80,BENIGN
7,3085,UDP,34800,443,BENIGN
1,250,ICMP,28047,37,Probe
26,325,TCP,31836,443,Bot
1,209,TCP,62125,22,Brute Force
13,457,ICMP,37206,803,Probe
22,574,TCP,31521,443,Bot
29,2777,UDP,42684,443,BENIGN
1,1010,UDP,35985,226,Probe
4,141,ICMP,38495,563,Probe
24,674,TCP,51606,443,Bot
20,3152,TCP,12443,443,BENIGN
23,4486,UDP,4000,80,BENIGN
939,151930,TCP,1315,8080,DoS
28,205,TCP,28403,443,Bot
3,240,TCP,51538,22,Brute Force
33,1316,UDP,2029,80,BENIGN
2,78,TCP,61439,3389,Brute Force
27,210,TCP,45116,443,Bot
8,368,TCP,48860,22,Brute Force
1160,136840,TCP,38107,80,DoS
16,1856,UDP,3887,443,BENIGN
1314,190096,TCP,27088,80,DoS
1230,137304,TCP,53712,443,DoS
22,768,UDP,15262,443,BENIGN
16,1201,UDP,5459,80,BENIGN
19,4277,UDP,31142,443,BENIGN
12,151,UDP,56357,466,Probe
48,4892,UDP,62577,80,BENIGN
20,2854,TCP,49964,80,BENIGN
47,576,UDP,60085,443,BENIGN
25,3903,TCP,14183,80,BENIGN
12,155,UDP,5324,319,Probe
14,361,UDP,7660,340,Probe
14,545,TCP,52038,443,BENIGN
15,1934,TCP,40967,443,BENIGN
12,751,TCP,56693,443,Bot
8,327,TCP,9659,22,Brute Force
1436,65105,TCP,37880,443,DoS
30,4988,TCP,20938,443,BENIGN
1,160,TCP,54358,3389,Brute Force
820,80896,TCP,16659,443,DoS
929,54101,TCP,16796,80,DoS
25,767,TCP,45940,443,Bot
640,78633,TCP,41373,8080,DoS
17,655,TCP,39867,443,Bot
1451,91403,TCP,27691,8080,DoS
2,188,TCP,53720,22,Brute Force
11,1292,UDP,42943,580,Probe
13,732,TCP,9931,443,Bot
17,1337,ICMP,55738,760,Probe
9,2501,UDP,19700,80,BENIGN
3,292,TCP,53824,22,Brute Force
39,2906,UDP,7747,80,BENIGN
17,3513,UDP,31280,443,BENIGN
29,613,TCP,9069,443,Bot
10,269,TCP,1807,443,Bot
884,168486,TCP,5973,8080,DoS
30,3559,UDP,59981,443,BENIGN
18,4021,UDP,31497,443,BENIGN
12,508,TCP,23820,443,Bot
3,283,TCP,50132,3389,Brute Force
824,144555,TCP,8006,80,DoS
11,912,UDP,7249,872,Probe
6,183,TCP,24680,3389,Brute Force
48,4871,UDP,63554,443,BENIGN
3,1087,UDP,48443,741,Probe
44,1573,UDP,11133,80,BENIGN
508,78179,TCP,29265,80,DoS
33,3667,UDP,64837,80,BENIGN
1,237,TCP,15489,22,Brute Force
17,1261,ICMP,29444,910,Probe
4,510,ICMP,52345,717,Probe
922,86042,TCP,56241,8080,DoS
1131,128442,TCP,39934,443,DoS
37,3563,TCP,26331,80,BENIGN
5,569,UDP,63081,697,Probe
965,177937,TCP,22473,8080,DoS
16,883,ICMP,5020,90,Probe
13,459,TCP,3860,443,Bot
735,105421,TCP,60089,8080,DoS
6,131,TCP,42256,22,Brute Force
17,532,UDP,53808,878,Probe
7,200,TCP,41206,22,Brute Force
857,196928,TCP,62214,8080,DoS
11,1187,ICMP,47990,673,Probe
1156,192422,TCP,35385,443,DoS
7,429,ICMP,46715,568,Probe
1386,144119,TCP,63403,80,DoS
14,484,TCP,63204,443,Bot
21,379,TCP,43502,443,Bot
12,710,TCP,45464,443,Bot
27,718,UDP,4514,443,BENIGN
1,243,TCP,24496,22,Brute Force
3,296,TCP,11207,3389,Brute Force
14,453,UDP,55688,610,Probe
799,58570,TCP,19036,80,DoS
5,137,TCP,4963,3389,Brute Force
2,140,TCP,61782,3389,Brute Force
8,668,ICMP,52672,909,Probe
9,824,UDP,28498,205,Probe
24,752,TCP,64952,443,Bot
24,669,TCP,28432,443,Bot
1,1231,ICMP,51434,605,Probe
7,73,TCP,22899,3389,Brute Force
15,703,TCP,60451,443,Bot
27,319,TCP,21214,443,Bot
20,144,ICMP,33172,809,Probe
26,3605,UDP,50307,443,BENIGN
609,137829,TCP,19673,443,DoS
5,897,UDP,34551,737,Probe
13,253,TCP,12007,443,Bot
23,452,TCP,17265,443,Bot
19,1050,UDP,49026,923,Probe
4,1396,ICMP,41839,621,Probe
14,615,TCP,13144,443,Bot
8,373,TCP,50104,3389,Brute Force
18,1006,UDP,24998,402,Probe
11,414,UDP,27289,410,Probe
6,603,ICMP,30253,905,Probe
6,1342,UDP,54872,726,Probe
49,2953,TCP,4038,443,BENIGN
24,621,TCP,16703,443,Bot
1173,163281,TCP,26948,80,DoS
19,1940,UDP,4315,80,BENIGN
1,726,ICMP,18848,537,Probe
6,1316,ICMP,12015,742,Probe
1420,192352,TCP,37954,8080,DoS
699,145033,TCP,37280,443,DoS
1120,147943,TCP,28276,8080,DoS
18,853,ICMP,57163,283,Probe
16,684,TCP,55876,443,Bot
12,1078,ICMP,56429,175,Probe
5,280,TCP,31903,22,Brute Force
14,1247,UDP,37304,63,Probe
26,1167,TCP,61103,443,BENIGN
50,1676,UDP,29154,80,BENIGN
13,663,TCP,33483,443,Bot
11,4031,UDP,28783,443,BENIGN
30,201,TCP,57410,443,Bot
11,801,ICMP,39399,302,Probe
4,400,TCP,25522,22,Brute Force
7,199,TCP,40149,22,Brute Force
28,217,TCP,56420,443,Bot
43,2551,TCP,7009,80,BENIGN
3,94,TCP,19107,3389,Brute Force
13,926,ICMP,2130,399,Probe
6,84,TCP,37549,22,Brute Force
989,90156,TCP,30841,8080,DoS
14,2596,TCP,12394,80,BENIGN
8,503,ICMP,21477,133,Probe
1189,78732,TCP,65242,443,DoS
14,2055,UDP,15291,80,BENIGN
10,2552,TCP,42643,443,BENIGN
36,659,TCP,61913,443,BENIGN
21,298,TCP,36047,443,Bot
25,779,TCP,29602,443,Bot
14,477,TCP,35305,443,Bot
29,3939,UDP,23364,80,BENIGN
8,4423,UDP,28960,80,BENIGN
16,4070,UDP,64532,80,BENIGN
5,278,TCP,19949,22,Brute Force
2,254,TCP,45175,3389,Brute Force
3,307,TCP,56476,3389,Brute Force
1228,90442,TCP,49498,443,DoS
13,293,ICMP,32114,719,Probe
5,524,ICMP,18128,872,Probe
22,610,TCP,46573,443,Bot
6,205,ICMP,22823,647,Probe
39,4378,UDP,3423,80,BENIGN
48,4898,UDP,51394,443,BENIGN
11,2423,TCP,26494,443,BENIGN
3,76,TCP,28521,3389,Brute Force
4,263,TCP,16776,22,Brute Force
18,4917,TCP,47747,443,BENIGN
3,236,UDP,64700,980,Probe
15,357,TCP,11591,443,Bot
1,203,TCP,15565,22,Brute Force
545,155451,TCP,29791,80,DoS
41,939,TCP,10801,443,BENIGN
50,4421,UDP,51431,443,BENIGN
8,319,TCP,41916,3389,Brute Force
12,4744,TCP,20955,80,BENIGN
6,303,TCP,43294,22,Brute Force
1187,149917,TCP,52522,8080,DoS
17,978,UDP,52571,718,Probe
10,676,ICMP,56260,504,Probe
6,392,TCP,26920,3389,Brute Force
3,352,TCP,49452,22,Brute Force
23,423,TCP,41260,443,Bot
7,77,TCP,20998,22,Brute Force
46,1720,UDP,55198,80,BENIGN
24,466,TCP,25250,443,Bot
25,352,TCP,43810,443,Bot
10,3118,UDP,47524,80,BENIGN
4,282,TCP,6934,3389,Brute Force
10,616,TCP,63278,443,Bot
48,2647,UDP,54921,443,BENIGN
24,2461,TCP,16809,80,BENIGN
2,306,TCP,8440,22,Brute Force
33,4349,UDP,3163,80,BENIGN
8,342,TCP,49868,22,Brute Force
1050,153037,TCP,35682,80,DoS
1475,184850,TCP,60016,8080,DoS
24,496,TCP,43477,443,Bot
8,261,TCP,11989,22,Brute Force
10,1499,ICMP,28798,917,Probe
5,69,TCP,48917,3389,Brute Force
29,324,TCP,47428,443,Bot
20,452,UDP,23355,735,Probe
7,287,ICMP,15152,469,Probe
11,2443,UDP,38505,443,BENIGN
7,337,TCP,29670,3389,Brute Force
19,709,TCP,33153,443,Bot
49,1534,UDP,7747,80,BENIGN
15,952,ICMP,51799,313,Probe
15,254,TCP,18893,443,Bot
16,1026,UDP,15400,851,Probe
516,104305,TCP,39495,80,DoS
11,319,UDP,49019,972,Probe
13,893,ICMP,64320,566,Probe
559,196485,TCP,31326,8080,DoS
5,167,TCP,17237,3389,Brute Force
13,316,TCP,33604,443,Bot
6,370,TCP,20837,22,Brute Force
1002,109805,TCP,24342,8080,DoS
6,681,UDP,1332,463,Probe
43,2348,UDP,30548,443,BENIGN
14,1378,UDP,40825,912,Probe
5,196,TCP,31258,22,Brute Force
888,148872,TCP,37245,443,DoS
27,435,TCP,6691,443,Bot
18,1275,UDP,51889,743,Probe
9,51,ICMP,31585,727,Probe
20,589,UDP,25444,835,Probe
16,2254,UDP,63130,443,BENIGN
4,137,TCP,5692,3389,Brute Force
1,1010,UDP,43450,178,Probe
1110,86141,TCP,38694,443,DoS
6,1456,UDP,48897,835,Probe
34,3364,UDP,54798,80,BENIGN
24,612,UDP,7132,80,BENIGN
19,1483,UDP,51772,114,Probe
13,759,ICMP,7671,849,Probe
46,1107,UDP,31552,443,BENIGN
7,373,TCP,41152,3389,Brute Force
1273,111379,TCP,29154,8080,DoS
16,234,TCP,2577,443,Bot
24,625,TCP,53694,443,Bot
20,644,TCP,38999,443,Bot
2,257,TCP,54603,22,Brute Force
7,116,TCP,50964,22,Brute Force
637,151821,TCP,16939,443,DoS
5,321,UDP,23481,420,Probe
947,112557,TCP,4818,80,DoS
13,1110,ICMP,64307,549,Probe
9,1111,UDP,24480,721,Probe
1,225,TCP,65516,22,Brute Force
1,1126,UDP,37280,958,Probe
29,399,TCP,39259,443,Bot
5,2817,UDP,55908,443,BENIGN
1313,74404,TCP,27425,8080,DoS
23,3059,UDP,7813,80,BENIGN
2,216,TCP,24721,3389,Brute Force
11,284,TCP,22527,443,Bot
11,954,UDP,18404,215,Probe
1,66,UDP,60457,114,Probe
1497,140664,TCP,4543,80,DoS
20,1531,TCP,5520,80,BENIGN
47,4812,TCP,43361,443,BENIGN
516,51733,TCP,35903,8080,DoS
5,1497,ICMP,7120,45,Probe
11,599,TCP,18485,443,Bot
50,3246,TCP,10041,80,BENIGN
1225,197567,TCP,20671,443,DoS
5,341,TCP,53082,3389,Brute Force
2,293,TCP,8422,3389,Brute Force
5,184,TCP,36518,3389,Brute Force
915,181732,TCP,61520,8080,DoS
41,765,TCP,45527,443,BENIGN
1245,108376,TCP,55734,80,DoS
15,56,ICMP,14175,299,Probe
12,736,TCP,47540,80,BENIGN
869,132961,TCP,9673,443,DoS
13,461,TCP,43907,443,Bot
7,1229,ICMP,63384,339,Probe
40,583,TCP,6634,80,BENIGN
23,734,TCP,33085,443,Bot
1173,143063,TCP,11925,8080,DoS
4,355,TCP,16240,22,Brute Force
3,299,TCP,16272,3389,Brute Force
10,2424,UDP,15746,80,BENIGN
1097,175946,TCP,12198,8080,DoS
28,1750,UDP,5423,80,BENIGN
14,1270,UDP,53099,597,Probe
600,117826,TCP,15573,8080,DoS
9,865,UDP,41541,624,Probe
8,119,TCP,64563,22,Brute Force
1,86,TCP,55710,3389,Brute Force
21,863,UDP,1134,80,BENIGN
17,396,TCP,8724,443,Bot
50,1069,TCP,44360,80,BENIGN
26,686,TCP,25040,443,Bot
8,314,TCP,6151,22,Brute Force
1444,167908,TCP,56541,443,DoS
5,170,TCP,32803,22,Brute Force
20,621,TCP,38949,443,Bot
16,825,UDP,3496,547,Probe
3,142,TCP,37066,3389,Brute Force
4,1435,UDP,16879,382,Probe
40,1114,TCP,1199,443,BENIGN
12,216,TCP,32467,443,Bot
24,3585,UDP,54316,80,BENIGN
4,55,TCP,43007,22,Brute Force
48,4977,TCP,5864,443,BENIGN
26,467,TCP,36573,443,Bot
646,67933,TCP,35791,8080,DoS
17,45,UDP,57299,884,Probe
13,279,TCP,2256,443,Bot
20,585,TCP,30027,443,Bot
34,2836,UDP,46675,443,BENIGN
966,104229,TCP,35175,443,DoS
35,2496,UDP,37151,80,BENIGN
13,774,UDP,57553,701,Probe
10,682,TCP,60476,443,Bot
26,543,TCP,5356,443,Bot
5,110,UDP,43444,303,Probe
7,215,TCP,45898,22,Brute Force
7,115,TCP,56893,3389,Brute Force
4,812,UDP,29106,286,Probe
11,3440,UDP,40589,443,BENIGN
13,254,TCP,55439,443,Bot
23,348,TCP,15190,443,Bot
20,1085,UDP,41341,174,Probe
19,553,TCP,24050,443,Bot
8,197,ICMP,14885,154,Probe
24,784,TCP,49998,443,Bot
8,44,ICMP,24298,850,Probe
28,2577,TCP,24426,80,BENIGN
2,241,TCP,52466,22,Brute Force
882,65846,TCP,41514,8080,DoS
1071,145841,TCP,50501,80,DoS
12,4280,TCP,43472,80,BENIGN
1278,165701,TCP,36829,80,DoS
9,4401,UDP,52012,443,BENIGN
33,808,TCP,25189,443,BENIGN
12,4336,TCP,10248,80,BENIGN
3,287,TCP,55411,3389,Brute Force
17,866,UDP,52175,872,Probe
2,808,ICMP,51568,548,Probe
9,1225,UDP,25708,670,Probe
629,84784,TCP,17386,80,DoS
16,276,ICMP,52461,408,Probe
19,693,TCP,27137,443,BENIGN
27,785,TCP,31814,443,Bot
7,804,UDP,33308,80,BENIGN
30,272,TCP,26247,443,Bot
4,1026,UDP,23062,1013,Probe
23,4370,TCP,50755,443,BENIGN
5,228,TCP,40636,22,Brute Force
19,1490,UDP,23513,744,Probe
40,4003,TCP,8355,80,BENIGN
15,1926,UDP,34365,80,BENIGN
927,96081,TCP,62229,80,DoS
21,698,TCP,6585,443,Bot
9,1239,UDP,31348,80,BENIGN
13,2980,TCP,33960,80,BENIGN
15,4388,UDP,18010,80,BENIGN
14,219,ICMP,55018,678,Probe
1,112,TCP,64895,22,Brute Force
21,476,TCP,14276,443,Bot
17,61,UDP,56597,988,Probe
28,3554,UDP,26413,443,BENIGN
28,584,TCP,6820,443,Bot
1300,113550,TCP,22381,443,DoS
20,2967,TCP,4153,80,BENIGN
25,621,TCP,23326,443,Bot
25,324,TCP,38198,443,Bot
20,635,ICMP,61395,689,Probe
937,195712,TCP,33505,80,DoS
7,364,TCP,19801,3389,Brute Force
25,775,TCP,57014,443,Bot
3,155,TCP,48509,22,Brute Force
19,841,UDP,12956,617,Probe
502,74416,TCP,48926,443,DoS
1438,192117,TCP,43085,80,DoS
26,539,TCP,43441,443,Bot
46,2261,UDP,30617,80,BENIGN
28,4033,TCP,63209,443,BENIGN
26,297,TCP,41585,443,Bot
28,4925,UDP,39515,80,BENIGN
8,62,TCP,12746,3389,Brute Force
23,1443,UDP,2390,443,BENIGN
19,656,TCP,58322,443,Bot
7,1398,ICMP,22720,370,Probe
18,382,TCP,29897,443,Bot
40,800,UDP,6795,443,BENIGN
1,175,TCP,58837,3389,Brute Force
9,1383,ICMP,13368,154,Probe
1333,127973,TCP,61230,8080,DoS
10,580,ICMP,4306,103,Probe
8,201,ICMP,30134,821,Probe
20,326,TCP,31557,443,Bot
6,265,TCP,24152,3389,Brute Force
46,2783,TCP,63972,80,BENIGN
13,253,TCP,61635,443,Bot
22,1068,UDP,24036,443,BENIGN
12,834,ICMP,61179,466,Probe
27,3511,TCP,51002,443,BENIGN
1336,81612,TCP,57407,443,DoS
3,75,TCP,45171,3389,Brute Force
1,540,UDP,31941,373,Probe
584,120247,TCP,11131,443,DoS
1108,68615,TCP,35645,80,DoS
2,385,TCP,62076,3389,Brute Force
24,495,TCP,11758,443,Bot
1199,191374,TCP,9739,8080,DoS
10,2901,UDP,38861,80,BENIGN
49,2922,TCP,13596,443,BENIGN
3,243,TCP,37091,3389,Brute Force
8,364,TCP,1458,22,Brute Force
6,307,TCP,46752,22,Brute Force
3,342,TCP,9618,22,Brute Force
672,134843,TCP,65183,8080,DoS
29,333,TCP,25662,443,Bot
25,307,TCP,27000,443,Bot
29,422,TCP,63315,443,Bot
22,685,TCP,18235,443,Bot
15,4328,TCP,65296,80,BENIGN
5,953,UDP,12764,580,Probe
22,3899,UDP,62250,443,BENIGN
32,3209,UDP,47086,443,BENIGN
974,192723,TCP,28819,8080,DoS
4,366,TCP,24356,22,Brute Force
10,383,TCP,61719,443,Bot
6,382,TCP,60475,22,Brute Force
569,53615,TCP,18206,80,DoS
1,284,TCP,33636,3389,Brute Force
748,58276,TCP,38547,8080,DoS
18,715,TCP,45603,443,Bot
2,861,UDP,58498,477,Probe
3,208,TCP,46147,22,Brute Force
1127,61612,TCP,37935,8080,DoS
43,2690,TCP,12847,443,BENIGN
20,867,ICMP,45638,144,Probe
20,4915,UDP,49980,443,BENIGN
43,826,UDP,49162,443,BENIGN
17,1204,UDP,12410,198,Probe
1,125,TCP,44335,22,Brute Force
8,385,TCP,62967,22,Brute Force
20,931,UDP,5223,270,Probe
731,186169,TCP,45587,443,DoS
1025,158901,TCP,30960,8080,DoS
5,343,UDP,61640,109,Probe
5,322,TCP,31234,3389,Brute Force
30,308,TCP,60832,443,Bot
4,138,TCP,44448,22,Brute Force
1169,58305,TCP,7151,443,DoS
9,1056,TCP,27485,80,BENIGN
46,1117,TCP,63367,443,BENIGN
12,323,TCP,18973,443,Bot
28,214,TCP,35681,443,Bot
12,1022,ICMP,23570,935,Probe
42,1763,TCP,44194,443,BENIGN
6,228,TCP,13507,3389,Brute Force
15,364,TCP,47673,443,Bot
736,67817,TCP,47369,80,DoS
1178,175402,TCP,35461,443,DoS
11,398,TCP,8408,443,Bot
1453,133500,TCP,11673,443,DoS
3,527,ICMP,65405,328,Probe
4,291,TCP,42355,22,Brute Force
1381,198997,TCP,28605,443,DoS
3,64,TCP,31874,22,Brute Force
746,100313,TCP,41641,8080,DoS
984,113168,TCP,56686,80,DoS
44,748,UDP,59285,443,BENIGN
22,383,TCP,19922,443,Bot
5,135,TCP,3339,3389,Brute Force
7,226,TCP,6875,22,Brute Force
33,2434,UDP,7535,443,BENIGN
2,59,UDP,44497,663,Probe
7,184,TCP,6599,3389,Brute Force
11,1454,UDP,4254,764,Probe
14,685,TCP,23745,443,Bot
3,422,UDP,49198,527,Probe
1,97,TCP,51389,3389,Brute Force
12,2904,UDP,11389,443,BENIGN
31,1311,UDP,41371,443,BENIGN
9,408,ICMP,40303,993,Probe
45,1993,TCP,5159,443,BENIGN
11,545,TCP,52651,443,Bot
3,207,TCP,63668,3389,Brute Force
33,2042,UDP,40673,443,BENIGN
1052,106955,TCP,50463,80,DoS
7,163,TCP,50187,22,Brute Force
19,399,ICMP,21131,752,Probe
7,102,TCP,7286,22,Brute Force
1,726,UDP,50761,674,Probe
44,1096,UDP,28184,80,BENIGN
27,2475,TCP,51585,443,BENIGN
8,216,TCP,57828,3389,Brute Force
1397,87554,TCP,44291,8080,DoS
14,217,TCP,32449,443,Bot
19,780,TCP,9671,443,Bot
49,4558,UDP,44447,443,BENIGN
1167,110875,TCP,36095,8080,DoS
19,666,TCP,63690,443,Bot
3,195,TCP,24296,3389,Brute Force
2,321,TCP,11183,3389,Brute Force
16,514,UDP,18348,379,Probe
39,4175,TCP,28672,80,BENIGN
18,4917,TCP,48429,443,BENIGN
1100,112726,TCP,16913,80,DoS
12,508,TCP,44774,443,Bot
822,86655,TCP,17262,443,DoS
19,381,ICMP,11333,262,Probe
9,4203,TCP,59919,443,BENIGN
880,93391,TCP,4417,443,DoS
29,723,TCP,62850,443,Bot
43,2864,UDP,9173,443,BENIGN
861,62755,TCP,4336,443,DoS
1467,62717,TCP,51115,80,DoS
525,176555,TCP,7875,443,DoS
7,374,TCP,52709,22,Brute Force
1,70,TCP,17237,3389,Brute Force
36,4575,UDP,61599,443,BENIGN
643,182093,TCP,19981,80,DoS
49,3031,UDP,24028,80,BENIGN
4,318,TCP,20836,22,Brute Force
9,468,UDP,38791,783,Probe
19,246,ICMP,57874,549,Probe
810,113444,TCP,17583,8080,DoS
23,754,TCP,62085,443,Bot
7,168,TCP,65235,3389,Brute Force
1,184,TCP,17293,3389,Brute Force
13,991,UDP,44933,80,BENIGN
2,194,TCP,57757,22,Brute Force
4,214,TCP,48275,22,Brute Force
3,282,TCP,34409,3389,Brute Force
1,361,TCP,58872,3389,Brute Force
24,546,TCP,46187,443,Bot
905,116704,TCP,54531,80,DoS
33,2416,TCP,21305,443,BENIGN
7,3488,TCP,6930,443,BENIGN
23,2816,UDP,5688,80,BENIGN
18,876,ICMP,13411,6,Probe
30,374,TCP,38911,443,Bot
1070,195421,TCP,34607,443,DoS
7,162,TCP,18258,22,Brute Force
11,569,TCP,27078,443,Bot
14,88,UDP,36514,355,Probe
15,3962,UDP,19234,80,BENIGN
8,1774,TCP,50466,80,BENIGN
2,252,TCP,52741,22,Brute Force
9,940,ICMP,18286,232,Probe
3,119,TCP,20002,22,Brute Force
12,2146,TCP,16538,443,BENIGN
27,439,TCP,25914,443,Bot
1,71,TCP,39105,3389,Brute Force
47,4851,UDP,63285,443,BENIGN
1,239,TCP,60076,22,Brute Force
29,241,TCP,24982,443,Bot
1,213,TCP,58704,3389,Brute Force
18,400,TCP,2501,443,Bot
1102,181194,TCP,10903,443,DoS
6,123,TCP,51452,22,Brute Force
12,534,TCP,4630,443,Bot
8,292,TCP,53272,22,Brute Force
8,211,TCP,46192,22,Brute Force
8,366,UDP,17267,673,Probe
714,141915,TCP,57453,8080,DoS
47,3535,TCP,34182,443,BENIGN
20,1307,ICMP,59358,521,Probe
1335,133598,TCP,38869,8080,DoS
6,144,TCP,56869,3389,Brute Force
30,703,TCP,8130,443,Bot
26,3756,TCP,56845,443,BENIGN
27,204,TCP,64828,443,Bot
13,483,TCP,33336,443,Bot
936,171124,TCP,16218,443,DoS
9,193,UDP,5249,203,Probe
15,711,TCP,41135,443,Bot
8,1445,ICMP,60434,964,Probe
19,1410,ICMP,10798,973,Probe
3,354,TCP,62230,22,Brute Force
44,1312,TCP,42017,80,BENIGN
889,172224,TCP,35997,8080,DoS
22,2808,TCP,48053,443,BENIGN
17,399,TCP,35099,443,Bot
5,1237,UDP,11208,109,Probe
11,241,TCP,31868,443,Bot
7,119,TCP,6572,22,Brute Force
1058,97166,TCP,45700,8080,DoS
3,75,TCP,64575,22,Brute Force
18,583,ICMP,20514,244,Probe
12,581,TCP,23648,443,Bot
1393,56985,TCP,40143,443,DoS
839,150622,TCP,50543,8080,DoS
1376,156296,TCP,55221,443,DoS
6,334,TCP,7423,3389,Brute Force
15,363,TCP,44942,443,Bot
1463,148415,TCP,29325,80,DoS
1274,55959,TCP,65150,443,DoS
17,777,UDP,33766,880,Probe
15,4286,UDP,18715,80,BENIGN
588,163897,TCP,8625,443,DoS
18,833,UDP,25339,907,Probe
1185,75004,TCP,13133,80,DoS
18,1132,UDP,42110,68,Probe
13,4925,UDP,53355,80,BENIGN
17,732,TCP,43273,443,Bot
27,352,TCP,49589,443,Bot
4,393,TCP,14316,22,Brute Force
2,179,TCP,32561,3389,Brute Force
775,128939,TCP,18614,443,DoS
1018,125101,TCP,42218,8080,DoS
5,1143,UDP,18275,752,Probe
959,148958,TCP,25642,80,DoS
621,172000,TCP,21130,80,DoS
20,330,TCP,3127,443,Bot
28,600,TCP,31243,443,Bot
14,432,TCP,21171,443,Bot
20,2725,UDP,21976,80,BENIGN
11,591,TCP,26490,443,Bot
6,281,TCP,30351,3389,Brute Force
2,220,TCP,31621,22,Brute Force
10,3969,UDP,3913,80,BENIGN
6,255,TCP,19349,3389,Brute Force
5,70,TCP,32828,3389,Brute Force
20,4374,UDP,13502,80,BENIGN
1426,113633,TCP,38507,8080,DoS
1140,130087,TCP,48602,8080,DoS
4,75,TCP,13137,22,Brute Force
28,340,TCP,14082,443,Bot
845,193474,TCP,38899,80,DoS
27,3376,TCP,16508,80,BENIGN
14,743,TCP,58058,443,Bot
17,285,TCP,37625,443,Bot
1374,186404,TCP,29980,80,DoS
1,242,TCP,39231,22,Brute Force
19,1228,UDP,31971,911,Probe
7,1048,ICMP,12529,503,Probe
20,557,UDP,8535,186,Probe
13,410,TCP,39533,443,Bot
48,3755,UDP,6942,443,BENIGN
4,165,TCP,3136,3389,Brute Force
1239,105851,TCP,42185,8080,DoS
12,1093,ICMP,32927,45,Probe
16,465,ICMP,22690,241,Probe
26,4945,UDP,28272,80,BENIGN
5,139,TCP,27705,22,Brute Force
1380,141165,TCP,8798,80,DoS
4,225,UDP,53950,703,Probe
16,354,UDP,24671,4,Probe
867,130851,TCP,18165,443,DoS
19,742,TCP,42897,443,Bot
25,2921,UDP,30247,443,BENIGN
27,2950,UDP,46264,443,BENIGN
9,4681,TCP,35797,80,BENIGN
805,108947,TCP,62725,443,DoS
12,1202,UDP,37927,972,Probe
23,404,TCP,25634,443,Bot
5,122,TCP,62842,3389,Brute Force
5,400,TCP,43256,3389,Brute Force
30,200,TCP,62162,443,Bot
1224,85969,TCP,46997,80,DoS
6,297,TCP,49025,3389,Brute Force
20,157,UDP,42986,507,Probe
15,216,TCP,58671,443,Bot
856,174823,TCP,7421,443,DoS
14,637,TCP,25248,443,Bot
14,537,TCP,60309,443,Bot
1,290,TCP,30779,3389,Brute Force
12,711,TCP,1997,443,BENIGN
8,143,TCP,51110,3389,Brute Force
957,119990,TCP,63547,443,DoS
24,398,TCP,42444,443,Bot
15,596,ICMP,46237,872,Probe
1456,173750,TCP,3103,443,DoS
7,642,ICMP,12651,1008,Probe
3,343,TCP,4406,3389,Brute Force
12,1484,ICMP,49244,142,Probe
11,377,TCP,23011,443,Bot
6,61,TCP,51586,3389,Brute Force
4,1301,UDP,49678,663,Probe
42,2269,TCP,22556,80,BENIGN
11,1103,UDP,29391,678,Probe
6,281,TCP,55383,3389,Brute Force
17,1072,ICMP,55190,154,Probe
21,4447,UDP,49950,443,BENIGN
28,414,TCP,50383,443,Bot
37,3401,TCP,27046,80,BENIGN
23,457,TCP,22932,443,Bot
4,198,TCP,65200,22,Brute Force
30,413,TCP,19139,443,Bot
3,1210,ICMP,8849,515,Probe
21,3148,TCP,64606,443,BENIGN
4,148,TCP,35508,22,Brute Force
26,427,TCP,52226,443,Bot
15,304,TCP,15302,443,Bot
6,960,ICMP,21604,417,Probe
28,1874,TCP,51997,80,BENIGN
643,70559,TCP,33843,8080,DoS
7,139,TCP,30986,22,Brute Force
1497,85684,TCP,20713,443,DoS
9,988,TCP,52969,443,BENIGN
50,2252,TCP,28212,443,BENIGN
23,315,TCP,50923,443,Bot
24,608,TCP,32234,443,Bot
1,138,UDP,28337,455,Probe
7,361,TCP,56585,3389,Brute Force
12,2639,TCP,39073,443,BENIGN
28,261,TCP,19413,443,Bot
6,274,TCP,49074,22,Brute Force
27,4063,UDP,42932,80,BENIGN
12,315,ICMP,58557,492,Probe
2,376,TCP,38809,3389,Brute Force
1066,159465,TCP,20369,80,DoS
24,465,TCP,7793,443,Bot
20,384,TCP,21554,443,Bot
568,76449,TCP,39948,80,DoS
41,2516,TCP,41615,80,BENIGN
48,1168,UDP,30063,443,BENIGN
620,175546,TCP,60952,80,DoS
17,1633,UDP,4443,443,BENIGN
26,488,TCP,25469,443,Bot
42,1713,UDP,9376,80,BENIGN
6,289,TCP,19067,22,Brute Force
6,400,UDP,39855,326,Probe
13,369,UDP,36875,965,Probe
2,121,ICMP,7788,721,Probe
20,139,UDP,44406,111,Probe
20,57,UDP,17564,623,Probe
782,160389,TCP,20668,443,DoS
22,532,TCP,8940,443,Bot
24,277,TCP,42887,443,Bot
1424,182510,TCP,14272,8080,DoS
8,910,UDP,33978,80,BENIGN
15,4101,UDP,32759,443,BENIGN
26,1190,TCP,3589,80,BENIGN
5,2666,TCP,30828,443,BENIGN
809,52997,TCP,18165,8080,DoS
9,518,UDP,62860,208,Probe
1027,135964,TCP,6708,443,DoS
8,326,TCP,3158,3389,Brute Force
3,151,TCP,33834,3389,Brute Force
888,110205,TCP,17244,443,DoS
15,2734,UDP,60354,80,BENIGN
4,340,TCP,13254,3389,Brute Force
1190,162872,TCP,53857,80,DoS
30,333,TCP,1965,443,Bot
29,447,TCP,34113,443,Bot
12,1445,UDP,39187,601,Probe
28,533,TCP,28487,443,Bot
903,147831,TCP,53118,443,DoS
5,305,TCP,25363,3389,Brute Force
24,1385,TCP,61899,443,BENIGN
21,766,TCP,11837,443,Bot
26,603,TCP,32433,443,Bot
1351,68129,TCP,54695,443,DoS
9,396,UDP,63420,415,Probe
3,108,ICMP,2339,327,Probe
30,450,TCP,2888,443,Bot
27,289,TCP,15159,443,Bot
18,701,TCP,33613,443,Bot
6,105,TCP,2274,3389,Brute Force
7,250,TCP,12753,3389,Brute Force
50,4086,UDP,35369,80,BENIGN
1288,131521,TCP,46262,80,DoS
27,4656,TCP,21366,443,BENIGN
7,493,UDP,45437,212,Probe
1141,170476,TCP,2091,80,DoS
1282,155710,TCP,25006,80,DoS
18,836,UDP,34507,804,Probe
13,4282,TCP,4319,443,BENIGN
1,330,TCP,25511,22,Brute Force
5,180,TCP,52810,22,Brute Force
19,1253,UDP,9853,645,Probe
14,380,ICMP,33338,903,Probe
8,171,TCP,47694,3389,Brute Force
14,313,TCP,56837,443,Bot
2,90,TCP,11640,3389,Brute Force
12,753,TCP,15825,443,Bot
18,619,UDP,60749,530,Probe
4,292,TCP,26525,3389,Brute Force
1491,159185,TCP,37546,8080,DoS
9,1351,ICMP,57482,284,Probe
3,130,TCP,18957,22,Brute Force
28,288,TCP,10437,443,Bot
6,261,TCP,51105,3389,Brute Force
821,159780,TCP,10948,443,DoS
14,942,UDP,5174,268,Probe
13,1380,UDP,46097,824,Probe
13,1990,TCP,29376,80,BENIGN
19,444,TCP,43467,443,Bot
18,682,UDP,14189,215,Probe
4,315,TCP,36273,3389,Brute Force
4,133,TCP,47878,3389,Brute Force
12,2530,TCP,5220,443,BENIGN
16,733,TCP,63421,443,Bot
40,1464,UDP,51812,443,BENIGN
12,302,UDP,7580,292,Probe
4,271,TCP,47044,3389,Brute Force
8,354,TCP,38723,22,Brute Force
13,119,ICMP,59323,901,Probe
11,642,ICMP,53767,137,Probe
18,687,TCP,64873,443,Bot
565,191862,TCP,4972,80,DoS
18,366,TCP,39143,443,Bot
2,384,ICMP,54873,742,Probe
1403,119329,TCP,48701,443,DoS
950,137749,TCP,29244,8080,DoS
20,169,UDP,46957,869,Probe
1,315,TCP,9876,3389,Brute Force
8,1459,UDP,23993,263,Probe
530,121651,TCP,52374,443,DoS
11,274,TCP,5638,443,Bot
15,687,UDP,65293,510,Probe
802,114605,TCP,47758,80,DoS
15,251,TCP,60311,443,Bot
1,116,TCP,12731,22,Brute Force
41,2829,UDP,32397,443,BENIGN
30,779,TCP,53662,443,Bot
1050,125673,TCP,12047,443,DoS
1097,130655,TCP,53240,8080,DoS
13,1240,UDP,23080,310,Probe
7,1064,UDP,57876,698,Probe
10,487,ICMP,37811,844,Probe
16,602,TCP,12718,443,Bot
17,120,UDP,4688,171,Probe
28,4266,TCP,29564,80,BENIGN
1212,103611,TCP,27017,80,DoS
833,101661,TCP,31010,80,DoS
8,398,TCP,31217,22,Brute Force
29,2061,TCP,57648,80,BENIGN
18,907,ICMP,41124,283,Probe
27,380,TCP,11381,443,Bot
7,141,TCP,11597,3389,Brute Force
40,1573,UDP,29736,443,BENIGN
1,368,TCP,37699,22,Brute Force
1,50,TCP,35320,22,Brute Force
838,173837,TCP,7613,8080,DoS
28,456,TCP,51961,443,Bot
8,899,ICMP,64016,62,Probe
14,1109,ICMP,25297,896,Probe
1080,152015,TCP,45394,8080,DoS
33,2250,UDP,53042,80,BENIGN
826,159137,TCP,27779,80,DoS
609,75248,TCP,35390,80,DoS
1293,173628,TCP,58224,8080,DoS
14,252,UDP,36266,849,Probe
22,582,TCP,9963,443,Bot
14,685,TCP,33629,443,Bot
16,2976,TCP,47424,80,BENIGN
23,479,TCP,22976,443,Bot
13,442,TCP,49373,443,Bot
2,328,TCP,31835,22,Brute Force
24,735,TCP,51066,443,Bot
575,151279,TCP,34070,443,DoS
9,254,UDP,23424,175,Probe
1079,177228,TCP,52686,443,DoS
848,153993,TCP,64523,443,DoS
4,210,TCP,21790,3389,Brute Force
44,3390,TCP,38423,443,BENIGN
1104,72217,TCP,45071,80,DoS
8,138,TCP,33023,22,Brute Force
8,121,TCP,13359,3389,Brute Force
30,292,TCP,24967,443,Bot
11,609,UDP,34246,229,Probe
16,903,UDP,8433,136,Probe
1318,190742,TCP,13276,443,DoS
1031,169796,TCP,10784,8080,DoS
7,383,TCP,38466,22,Brute Force
3,94,TCP,48858,3389,Brute Force
31,1764,TCP,31792,443,BENIGN
20,281,ICMP,8495,804,Probe
23,613,TCP,56339,443,Bot
7,3106,UDP,47241,443,BENIGN
18,1070,UDP,7131,494,Probe
1108,72277,TCP,8191,80,DoS
667,180131,TCP,63480,443,DoS
13,310,UDP,2109,208,Probe
22,699,TCP,51094,443,Bot
1454,197810,TCP,14118,8080,DoS
34,943,TCP,4996,443,BENIGN
2,331,TCP,19668,3389,Brute Force
1,1382,ICMP,20396,266,Probe
3,146,TCP,8021,22,Brute Force
26,1080,TCP,19274,443,BENIGN
807,87840,TCP,53831,443,DoS
8,585,UDP,51096,1021,Probe
17,656,TCP,24446,443,Bot
20,1458,UDP,18954,408,Probe
10,215,UDP,30462,622,Probe
12,1251,UDP,47125,718,Probe
19,365,TCP,47115,443,Bot
3,335,TCP,50123,3389,Brute Force
16,1256,ICMP,12662,984,Probe
24,3487,TCP,59935,443,BENIGN
1204,107942,TCP,30238,443,DoS
8,569,ICMP,26454,462,Probe
50,982,TCP,5441,80,BENIGN
46,1934,UDP,65302,443,BENIGN
820,151879,TCP,41086,443,DoS
11,2415,UDP,2664,443,BENIGN
589,99123,TCP,29268,443,DoS
16,282,TCP,41686,443,Bot
48,1491,TCP,23778,443,BENIGN
1,227,TCP,45871,3389,Brute Force
23,624,TCP,10170,443,Bot
49,2991,UDP,62803,443,BENIGN
8,109,TCP,17920,22,Brute Force
638,129864,TCP,1467,443,DoS
8,50,TCP,51874,3389,Brute Force
514,138371,TCP,52847,443,DoS
956,64584,TCP,30740,80,DoS
1040,144839,TCP,6142,8080,DoS
6,361,TCP,16799,22,Brute Force
18,3941,UDP,60323,80,BENIGN
949,80772,TCP,51855,80,DoS
8,307,UDP,55004,411,Probe
1228,134435,TCP,55319,80,DoS
1486,197215,TCP,34148,8080,DoS
14,1349,ICMP,43568,325,Probe
17,2456,UDP,16330,443,BENIGN
615,113198,TCP,33764,8080,DoS
644,183909,TCP,26482,443,DoS
6,196,TCP,31773,22,Brute Force
17,319,TCP,3720,443,Bot
6,263,TCP,11134,3389,Brute Force
42,4941,TCP,50043,443,BENIGN
13,860,ICMP,47659,987,Probe
8,393,TCP,8734,3389,Brute Force
10,593,TCP,63555,443,Bot
1343,146170,TCP,36547,80,DoS
809,91674,TCP,58330,443,DoS
23,204,TCP,37574,443,Bot
31,3276,UDP,27155,443,BENIGN
37,3033,UDP,22400,443,BENIGN
2,312,TCP,63722,3389,Brute Force
8,4660,TCP,56817,80,BENIGN
21,1170,UDP,2294,80,BENIGN
575,167720,TCP,40210,443,DoS
1182,176669,TCP,44230,443,DoS
1,123,TCP,48297,3389,Brute Force
642,104164,TCP,54339,80,DoS
2,393,TCP,28128,3389,Brute Force
1,114,TCP,48719,22,Brute Force
1160,72085,TCP,17287,8080,DoS
13,592,TCP,30522,443,Bot
5,276,TCP,64335,3389,Brute Force
6,713,ICMP,59647,449,Probe
1400,95910,TCP,42049,8080,DoS
5,590,UDP,51580,922,Probe
